app	apk	repo	ref	ref_type	commit	source	resolved_at
Aegis	Aegis-#v3.4.2-rebuilt.apk	https://github.com/beemdevelopment/Aegis	v3.4.2	tag	619c1ab13cdd1a6248bf77075365938fb8d980ba	redo_subjects.json	2026-09-02
AlarmClock	AlarmClock-#3.15.04-rebuilt.apk	https://github.com/yuriykulikov/AlarmClock	3.15.04	tag	533072ecd400ed6b1bf59d2535483682692c263a	expansion_subjects.json	2026-09-02
AmazeFileManager	AmazeFileManager-3.4.2-#1837-rebuilt.apk	https://github.com/tingsu/AmazeFileManager	instrumented-version-3.2.1	branch	5d25735ae8465d19bbff65cd6691e14c04e40d86	subjects.json	2026-09-02
AnkiDroid	AnkiDroid-debug-2.6beta6-#4200-rebuilt.apk	https://github.com/tingsu/Anki-Android	instrumented-version-2.6beta6	branch	58725f6db609b85c01c2a6e026f55c6c357447e1	subjects.json	2026-09-02
Antimine	Antimine-#17.7.0-rebuilt.apk	https://github.com/lucasnlm/antimine-android	17.7.0	tag	fc2be239e5b275cbaf43bfe99d7967a873cc63b4	expansion_subjects.json	2026-09-02
AnyMemo	AnyMemo-#10.12.2-rebuilt.apk	https://github.com/helloworld1/AnyMemo	10.12.2	tag	8887e8211de337f0c947ca4ce6bfeddbba6d66a5	expansion_subjects.json	2026-09-02
Binary-Eye	Binary-Eye-#1.63.12-rebuilt.apk	https://github.com/markusfisch/BinaryEye	1.63.12	tag	576ce397f19061448f948ac5c4a2b47e2bd2602e	research_subjects.json	2026-09-02
Breezy-Weather	Breezy-Weather-#v5.2.8-rebuilt.apk	https://github.com/breezy-weather/breezy-weather	v5.2.8	tag	65f1af9153c3f511b722ce1c75d83511d478d93e	research_subjects.json	2026-09-02
CPU-Info	CPU-Info-#android6.6.2-rebuilt.apk	https://github.com/kamgurgul/cpu-info	android-6.6.2	tag	6717715a7e2f6c9956e4379981ab94d11cab69cf	expansion_subjects.json	2026-09-02
Calculator-You	Calculator-You-#v3.1.2-rebuilt.apk	https://github.com/forzzzzz/Calculator-You	v3.1.2	tag	2c86cf3aa1a9d9347b9720e5d08b9aebc85400ff	expansion_subjects.json	2026-09-02
Catima	Catima-#v2.45.0-rebuilt.apk	https://github.com/CatimaLoyalty/Android	v2.45.0	tag	22193b1872ee0df6efa6111972b90b59a0253c4d	expansion_subjects.json	2026-09-02
ClockYou	ClockYou-#v11.0-rebuilt.apk	https://github.com/you-apps/ClockYou	v11.0	tag	b80049ba17ee23b41d1fa1ca5a849e6cc5777120	expansion_subjects.json	2026-09-02
Cofi	Cofi-#v1.21.5-rebuilt.apk	https://github.com/rozPierog/Cofi	v1.21.5	tag	1ba1721e199f9deb44b6471adc7f0813a05dae75	expansion_subjects.json	2026-09-02
Currencies	Currencies-#1.23.0-rebuilt.apk	https://github.com/sal0max/currencies	1.23.0	tag	013eed45e6ad62af8aa5456822fef0cdada22128	expansion_subjects.json	2026-09-02
Currency	Currency-#v1.58-rebuilt.apk	https://github.com/billthefarmer/currency	v1.58	tag	fb95913b68ba7426ef1b38dffc6cc0775acd2df7	expansion_subjects.json	2026-09-02
Diary	Diary-#v1.105-rebuilt.apk	https://github.com/billthefarmer/diary	v1.105	tag	07bb05c3b7a8ea90db5efdc8f574b9f334402a71	expansion_subjects.json	2026-09-02
Droid-ify	Droid-ify-#v0.7.6-rebuilt.apk	https://github.com/Droid-ify/client	v0.7.6	tag	43f00acafe7d6daa3a7cadc396d0031c826f64fd	redo_subjects.json	2026-09-02
Etar-Calendar	Etar-Calendar-#v1.0.57-rebuilt.apk	https://github.com/Etar-Group/Etar-Calendar	v1.0.57	tag	dcc308671852a7ac7f0f3bf096ef2dab580e7b43	expansion_subjects.json	2026-09-02
FastNFitness	FastNFitness-#0.20.6.2-rebuilt.apk	https://github.com/brodeurlv/fastnfitness	0.20.6.2	tag	7c8f57b4edb2f85d38567a88fb8a82a5d019b4b1	expansion_subjects.json	2026-09-02
Fedilab	Fedilab-#3.28.0-rebuilt.apk	https://github.com/stom79/Fedilab	3.28.0	tag	c44330d291ad37b5a5136f876cc791869a67695e	research_subjects.json	2026-09-02
Feeder	Feeder-#2.23.0-rebuilt.apk	https://github.com/spacecowboy/Feeder	2.23.0	tag	2bccbc01e5db73a4729ff8efdaf841f438fff3a5	expansion_subjects.json	2026-09-02
FirefoxLite	FirefoxLite-2.1.20-#5085-rebuilt.apk	https://github.com/tingsu/FirefoxLite	instrumented-version-2.1.20-#5085	branch	fd8800ebc9276d24bed56fd9a5a80b30276ffa73	subjects.json	2026-09-02
Fossify-Calculator	Fossify-Calculator-#1.4.0-rebuilt.apk	https://github.com/FossifyOrg/Calculator	1.4.0	tag	77e2490684d5722e25d177608792b8e35610e990	expansion_subjects.json	2026-09-02
Fossify-Calendar	Fossify-Calendar-#1.10.3-rebuilt.apk	https://github.com/FossifyOrg/Calendar	1.10.3	tag	b269b99bb7152f126677278b486de24f6f1050ff	expansion_subjects.json	2026-09-02
Fossify-Clock	Fossify-Clock-#1.6.0-rebuilt.apk	https://github.com/FossifyOrg/Clock	1.6.0	tag	4ecb9e33c51c0b2096af2379e7ac9dc17c3e07e6	expansion_subjects.json	2026-09-02
Fossify-Contacts	Fossify-Contacts-#1.6.0-rebuilt.apk	https://github.com/FossifyOrg/Contacts	1.6.0	tag	e9e584cba47d254fe389e703fc7c5ffd4b9b6166	expansion_subjects.json	2026-09-02
Fossify-File-Manager	Fossify-File-Manager-#1.6.1-rebuilt.apk	https://github.com/FossifyOrg/File-Manager	1.6.1	tag	6879b7871a10057df197b73508835c8772d98e47	expansion_subjects.json	2026-09-02
Fossify-Music-Player	Fossify-Music-Player-#1.8.1-rebuilt.apk	https://github.com/FossifyOrg/Music-Player	1.8.1	tag	b81deb8c6b953152b6964ccebb55ae3fed445415	expansion_subjects.json	2026-09-02
Fossify-Notes	Fossify-Notes-#1.7.0-rebuilt.apk	https://github.com/FossifyOrg/Notes	1.7.0	tag	786fc41f68d1aed8d82144a6de0127ed4dbe8b61	expansion_subjects.json	2026-09-02
Fossify-Voice-Recorder	Fossify-Voice-Recorder-#1.7.1-rebuilt.apk	https://github.com/FossifyOrg/Voice-Recorder	1.7.1	tag	16031bbab5d790d87ed0926489c5a60d9afabf5d	expansion_subjects.json	2026-09-02
Infinity-For-Reddit	Infinity-For-Reddit-#v7.3.4-rebuilt.apk	https://github.com/Docile-Alligator/Infinity-For-Reddit	v7.3.4	tag	b703463fb740b7a4e6c74c4c599defadf19a5f3e	research_subjects.json	2026-09-02
Jellyfin-Android	Jellyfin-Android-#v2.6.2-rebuilt.apk	https://github.com/jellyfin/jellyfin-android	v2.6.2	tag	8908d18f585af19bd9d30347721f39a489616ab0	research_subjects.json	2026-09-02
Kiwix	Kiwix-#3.11.1-rebuilt.apk	https://github.com/kiwix/kiwix-android	3.11.1	tag	9c4ae35c42a5e599fcf3ba84978742fcaec1a86b	research_subjects.json	2026-09-02
Kore	Kore-#v3.1.0-rebuilt.apk	https://github.com/xbmc/Kore	v3.1.0	tag	5f711140d7e9593f4b8048f0c613288b54e17302	research_subjects.json	2026-09-02
Lexica	Lexica-#v3.13.1-rebuilt.apk	https://github.com/lexica/lexica	v3.13.1	tag	1fb9d3fe23fe57620755309c3a904caa3535fc7c	redo_subjects.json	2026-09-02
LibreTorrent	LibreTorrent-#3.5.2-rebuilt.apk	https://github.com/proninyaroslav/libretorrent	3.5.2	tag	d93e92eacebc46146cc9f16d62b3ea8a3438df87	research_subjects.json	2026-09-02
Markor	Markor-#v2.16.1-rebuilt.apk	https://github.com/gsantner/markor	v2.16.1	tag	c538c1d38ba4df75aa4946d52a82423bf6ed62a3	redo_subjects.json	2026-09-02
MaterialFBook	MaterialFBook4.0.2-debug-#224.apk	https://github.com/ZeeRooo/MaterialFBook	v4.0.2	tag	fcbe08c00106be2f99ca6ed629153bbbb7427c77	subjects.json	2026-09-02
MyExpenses	MyExpenses-#r879-rebuilt.apk	https://github.com/mtotschnig/MyExpenses	r879	tag	30831da907550b0924e239785717c4f7ff8b96cf	redo_subjects.json	2026-09-02
Omni-Notes	Omni-Notes-6.1.0-#745-rebuilt.apk	https://github.com/tingsu/Omni-Notes	instrumented-version-6.1.0	branch	a1d9354fc9b2a151eea5e61c725aa46742aa8e1f	subjects.json	2026-09-02
Open-Food-Facts	Open-Food-Facts-#v3.10.2-rebuilt.apk	https://github.com/openfoodfacts/openfoodfacts-androidapp	v3.10.2	tag	b811f0a3c8f1423b1d6923d566f46bd524a55903	research_subjects.json	2026-09-02
OpenCalc	OpenCalc-#v3.2.1-rebuilt.apk	https://github.com/Darkempire78/OpenCalc	v3.2.1	tag	e80aef9452992ce46b3931edd562cae567bb7a6f	expansion_subjects.json	2026-09-02
OpenSudoku	OpenSudoku-#4.10.0-rebuilt.apk	https://gitlab.com/opensudoku/opensudoku	4.10.0	tag	97937a7686927b507adf88afff52fb1f75d9cea7	expansion_subjects.json	2026-09-02
Orgzly-Revived	Orgzly-Revived-#v1.8.27beta.2-rebuilt.apk	https://github.com/orgzly-revived/orgzly-android-revived	v1.8.27-beta.2	tag	d6d870222d7887abd2e70b16d2f1ffbaa08bad34	research_subjects.json	2026-09-02
ReadYou	ReadYou-#0.16.2-rebuilt.apk	https://github.com/Ashinch/ReadYou	0.16.2	tag	091c9207527a10a135b307c9f7747306da36f686	redo_subjects.json	2026-09-02
RedReader	RedReader-#v1.26-rebuilt.apk	https://github.com/QuantumBadger/RedReader	v1.26	tag	5d8ab18ec73ede0b91b2c3953edffec1f7cfdbeb	expansion_subjects.json	2026-09-02
SkyTube	SkyTube-#v2.999-rebuilt.apk	https://github.com/SkyTubeTeam/SkyTube	v2.999	tag	072e2291631675f2b224156440b5a1bb888df49f	research_subjects.json	2026-09-02
StreetComplete	StreetComplete-#v53.2-rebuilt.apk	https://github.com/streetcomplete/StreetComplete	v53.2	tag	5cc6506dbecaad6b6b510bd1b3881281037c4043	modern_subjects.json	2026-09-02
TranslateYou	TranslateYou-#v19.0-rebuilt.apk	https://github.com/you-apps/TranslateYou	v19.0	tag	49e2a8b64a1629a0d32be3f283d45b45c54bf28f	expansion_subjects.json	2026-09-02
Twire	Twire-#v2.10.7-rebuilt.apk	https://github.com/twireapp/Twire	v2.10.7	tag	d80b4f8c94d047354405ab742f0437fa12041aba	modern_subjects.json	2026-09-02
Vanilla-Music	Vanilla-Music-#1.3.2-rebuilt.apk	https://github.com/vanilla-music/vanilla	1.3.2	tag	2e7ef1ce402f397462e8bb136787f60126ea15d0	expansion_subjects.json	2026-09-02
Vinyl-Music-Player	Vinyl-Music-Player-#1.11.0-rebuilt.apk	https://github.com/AdrienPoupa/VinylMusicPlayer	1.11.0	tag	d8aeb8c65f997f33e857d5ca5bbb9ac049ab40a1	research_subjects.json	2026-09-02
Wallabag	Wallabag-#2.5.3-rebuilt.apk	https://github.com/wallabag/android-app	2.5.3	tag	277ddaa3b2cb70e4687e9af1e08d095fc82015eb	research_subjects.json	2026-09-02
Wikipedia	Wikipedia-#beta2.7.50447beta2023062-rebuilt.apk	https://github.com/wikimedia/apps-android-wikipedia	beta/2.7.50447-beta-2023-06-28	tag	974fe98150e15d61840b3d5b7fb72c696fc310a6	modern_subjects.json	2026-09-02
commons	commons-2.7.1-#1581-rebuilt.apk	https://github.com/tingsu/apps-android-commons	instrumented-version-2.7.1	branch	36cdb86b8190d7e64ab0595ae46b2fad80ae8b97	subjects.json	2026-09-02
geohashdroid	geohashdroid-0.9.4-#73-rebuilt.apk	https://github.com/tingsu/geohashdroid	instrumented-version-0.9.4	branch	7b55198f1a90709a74fbc9bc0efec7aa369b3d10	subjects.json	2026-09-02
newpipe	newpipe-#v0.25.1-rebuilt.apk	https://github.com/TeamNewPipe/NewPipe	v0.25.1	tag	07111d86d465971c32410631615a423e1495c6fa	modern_subjects.json	2026-09-02
nextcloud	nextcloud-#4792-rebuilt.apk	https://github.com/skull591/android	buggy-4792	branch	7a7b02055fd0d50cf62f2cf9f578eba9ea67e952	subjects.json	2026-09-02
openlauncher	openlauncher-0.3.1-#67-rebuilt.apk	https://github.com/tingsu/openlauncher	instrument-version-0.3.1	branch	30e58f59371c16e808b1a56e3ba2c509a6358079	subjects.json	2026-09-02
ownCloud	ownCloud-#v4.4.0-rebuilt.apk	https://github.com/owncloud/android	v4.4.0	tag	ddc1dd2dbfacba5f1fbf87db285b4ec0782e1dfb	research_subjects.json	2026-09-02
uhabits	uhabits-#v2.3.1-rebuilt.apk	https://github.com/iSoron/uhabits	v2.3.1	tag	516bf394f85a5a3ab25f476da230ae2a93815a40	expansion_subjects.json	2026-09-02
