app,apk,package,installed,launched,ec_bytes,classes_found,line_coverage_pct,mismatched_classes,html_pages,verdict,seconds
Aegis,Aegis-#v3.4.2-rebuilt.apk,com.beemdevelopment.aegis.debug,yes,yes,65652,544,6.30,3,231,MISMATCH (3 classes),24
AlarmClock,AlarmClock-#3.15.04-rebuilt.apk,com.better.alarm.debug,yes,yes,99298,550,31.66,0,79,PASS,23
AmazeFileManager,AmazeFileManager-3.4.2-#1837-rebuilt.apk,com.amaze.filemanager.debug,yes,yes,8497,507,10.91,0,254,PASS,24
AnkiDroid,AnkiDroid-debug-2.6beta6-#4200-rebuilt.apk,com.ichi2.anki,yes,yes,5118,676,5.60,0,243,PASS,23
Antimine,Antimine-#17.7.0-rebuilt.apk,dev.lucasnlm.antimine,yes,yes,221049,362,12.81,0,51,PASS,23
AnyMemo,AnyMemo-#10.12.2-rebuilt.apk,org.liberty.android.fantastischmemopro,yes,yes,67054,633,7.28,0,149,PASS,23
Binary-Eye,Binary-Eye-#1.63.12-rebuilt.apk,de.markusfisch.android.binaryeye.debug,yes,yes,19809,185,13.39,0,68,PASS,23
Breezy-Weather,Breezy-Weather-#v5.2.8-rebuilt.apk,org.breezyweather.debug,yes,yes,209125,1850,5.14,2,426,MISMATCH (2 classes),27
CPU-Info,CPU-Info-#android6.6.2-rebuilt.apk,com.kgurgul.cpuinfo.debug,yes,yes,245096,1319,16.26,0,175,PASS,25
Calculator-You,Calculator-You-#v3.1.2-rebuilt.apk,com.marktka.calculatorYou,yes,yes,55264,197,26.24,0,95,PASS,22
Catima,Catima-#v2.45.0-rebuilt.apk,me.hackerchick.catima.debug,yes,yes,53733,204,5.02,0,76,PASS,24
ClockYou,ClockYou-#v11.0-rebuilt.apk,com.bnyro.clock.debug,yes,yes,182575,383,10.03,0,124,PASS,23
Cofi,Cofi-#v1.21.5-rebuilt.apk,com.omelan.cofi.debug,yes,yes,256744,839,15.76,0,48,PASS,24
Currencies,Currencies-#1.23.0-rebuilt.apk,de.salomax.currencies.debug,yes,yes,72260,143,20.76,0,57,PASS,22
Currency,Currency-#v1.58-rebuilt.apk,org.billthefarmer.currency,yes,yes,592,27,15.85,0,19,PASS,22
Diary,Diary-#v1.105-rebuilt.apk,org.billthefarmer.diary,yes,yes,9794,26,17.23,0,13,PASS,21
Droid-ify,Droid-ify-#v0.7.6-rebuilt.apk,com.looker.droidify.debug,yes,yes,180855,1695,18.89,6,244,MISMATCH (6 classes),26
Etar-Calendar,Etar-Calendar-#v1.0.57-rebuilt.apk,ws.xsoh.etar.debug,yes,yes,78618,529,6.99,0,154,PASS,25
FastNFitness,FastNFitness-#0.20.6.2-rebuilt.apk,com.easyfitness.debug,yes,yes,41145,211,8.27,0,115,PASS,23
Fedilab,Fedilab-#3.28.0-rebuilt.apk,app.fedilab.android.debug,yes,yes,66116,1244,0.51,0,445,PASS,27
Feeder,Feeder-#2.23.0-rebuilt.apk,com.nononsenseapps.feeder.debug,yes,yes,430017,1849,18.79,0,242,PASS,27
FirefoxLite,FirefoxLite-2.1.20-#5085-rebuilt.apk,org.mozilla.rocket.debug.ubuntu,yes,yes,22150,3490,4.46,0,850,PASS,42
Fossify-Calculator,Fossify-Calculator-#1.4.0-rebuilt.apk,org.fossify.math.debug,yes,yes,39422,210,8.75,0,36,PASS,23
Fossify-Calendar,Fossify-Calendar-#1.10.3-rebuilt.apk,org.fossify.calendar.debug,yes,yes,101431,86,3.68,0,2,PASS,23
Fossify-Clock,Fossify-Clock-#1.6.0-rebuilt.apk,org.fossify.clock.debug,yes,yes,78897,198,22.03,0,78,PASS,23
Fossify-Contacts,Fossify-Contacts-#1.6.0-rebuilt.apk,org.fossify.contacts.debug,yes,yes,73824,150,8.14,0,45,PASS,23
Fossify-File-Manager,Fossify-File-Manager-#1.6.1-rebuilt.apk,org.fossify.filemanager.debug,yes,yes,63701,118,16.62,0,37,PASS,23
Fossify-Music-Player,Fossify-Music-Player-#1.8.1-rebuilt.apk,org.fossify.musicplayer.debug,yes,yes,116952,294,19.37,0,94,PASS,24
Fossify-Notes,Fossify-Notes-#1.7.0-rebuilt.apk,org.fossify.notes.debug,yes,yes,58005,133,12.95,0,53,PASS,23
Fossify-Voice-Recorder,Fossify-Voice-Recorder-#1.7.1-rebuilt.apk,org.fossify.voicerecorder.debug,yes,yes,62526,73,19.73,0,34,PASS,23
Infinity-For-Reddit,Infinity-For-Reddit-#v7.3.4-rebuilt.apk,ml.docilealligator.infinityforreddit.debug,yes,yes,152791,2080,3.25,0,563,PASS,27
Jellyfin-Android,Jellyfin-Android-#v2.6.2-rebuilt.apk,org.jellyfin.mobile.debug,yes,yes,34436,386,1.25,0,97,PASS,38
Kiwix,Kiwix-#3.11.1-rebuilt.apk,org.kiwix.kiwixmobile,yes,yes,145325,1402,15.26,4,324,MISMATCH (4 classes),24
Kore,Kore-#v3.1.0-rebuilt.apk,org.xbmc.kore,yes,yes,28441,759,1.69,0,208,PASS,23
Lexica,Lexica-#v3.13.1-rebuilt.apk,com.serwylo.lexica,yes,yes,24614,209,26.72,0,91,PASS,22
LibreTorrent,LibreTorrent-#3.5.2-rebuilt.apk,org.proninyaroslav.libretorrent.debug,yes,yes,119590,688,9.40,0,258,PASS,25
Markor,Markor-#v2.16.1-rebuilt.apk,net.gsantner.markor_test,yes,yes,43204,323,1.69,2,126,MISMATCH (2 classes),23
MaterialFBook,MaterialFBook4.0.2-debug-#224.apk,me.zeeroooo.materialfb,yes,yes,1405,55,21.43,0,28,PASS,22
MyExpenses,MyExpenses-#r879-rebuilt.apk,org.totschnig.myexpenses.debug,yes,yes,243579,3849,7.81,0,670,PASS,31
Omni-Notes,Omni-Notes-6.1.0-#745-rebuilt.apk,it.feio.android.omninotes,yes,yes,3897,237,10.77,0,153,PASS,23
Open-Food-Facts,Open-Food-Facts-#v3.10.2-rebuilt.apk,openfoodfacts.github.scrachx.openbeauty.debug,yes,yes,192325,1805,6.53,3,316,MISMATCH (3 classes),31
OpenCalc,OpenCalc-#v3.2.1-rebuilt.apk,com.darkempire78.opencalculator.debug,yes,yes,39987,61,22.30,0,17,PASS,22
OpenSudoku,OpenSudoku-#4.10.0-rebuilt.apk,org.moire.opensudoku.debug,yes,yes,43359,430,4.46,0,154,PASS,24
Orgzly-Revived,Orgzly-Revived-#v1.8.27beta.2-rebuilt.apk,com.orgzlyrevived,yes,yes,109324,1213,10.71,0,366,PASS,25
ReadYou,ReadYou-#0.16.2-rebuilt.apk,me.ash.reader,yes,yes,356196,2033,15.27,4,363,MISMATCH (4 classes),26
RedReader,RedReader-#v1.26-rebuilt.apk,org.quantumbadger.redreader,yes,yes,62021,700,3.87,0,346,PASS,25
SkyTube,SkyTube-#v2.999-rebuilt.apk,free.rm.skytube.oss,yes,yes,34787,330,0.97,0,173,PASS,37
StreetComplete,StreetComplete-#v53.2-rebuilt.apk,de.westnordost.streetcomplete.debug,yes,yes,88077,3782,14.87,0,966,PASS,27
TranslateYou,TranslateYou-#v19.0-rebuilt.apk,com.bnyro.translate.debug,yes,yes,244251,533,19.13,0,170,PASS,24
Twire,Twire-#v2.10.7-rebuilt.apk,com.perflyst.twire.debug,yes,yes,14256,324,2.67,0,117,PASS,22
Vanilla-Music,Vanilla-Music-#1.3.2-rebuilt.apk,ch.blinkenlights.android.vanilla,yes,yes,13683,250,16.88,0,111,PASS,23
Vinyl-Music-Player,Vinyl-Music-Player-#1.11.0-rebuilt.apk,com.poupa.vinylmusicplayer.debug,yes,yes,83563,573,17.84,0,266,PASS,24
Wallabag,Wallabag-#2.5.3-rebuilt.apk,fr.gaulupeau.apps.InThePoche.debug,yes,yes,55328,296,7.82,0,159,PASS,22
Wikipedia,Wikipedia-#beta2.7.50447beta2023062-rebuilt.apk,org.wikipedia.dev,yes,yes,87548,3053,0.89,0,649,PASS,43
commons,commons-2.7.1-#1581-rebuilt.apk,fr.free.nrw.commons.debug,yes,yes,7208,468,7.47,0,130,PASS,23
geohashdroid,geohashdroid-0.9.4-#73-rebuilt.apk,net.exclaimindustries.geohashdroid,yes,yes,1600,114,6.57,0,53,PASS,22
newpipe,newpipe-#v0.25.1-rebuilt.apk,org.schabi.newpipe.debug.HEAD,yes,yes,144293,1031,7.84,0,387,PASS,25
nextcloud,nextcloud-#4792-rebuilt.apk,com.nextcloud.client,yes,yes,19912,1403,8.52,0,375,PASS,26
openlauncher,openlauncher-0.3.1-#67-rebuilt.apk,com.benny.openlauncher,yes,yes,423,250,0.97,0,50,PASS,22
ownCloud,ownCloud-#v4.4.0-rebuilt.apk,com.owncloud.android.debug,yes,yes,129604,1296,6.77,0,275,PASS,26
uhabits,uhabits-#v2.3.1-rebuilt.apk,org.isoron.uhabits,yes,yes,60990,655,11.12,0,263,PASS,23
Aegis,Aegis-#v3.4.2-rebuilt.apk,com.beemdevelopment.aegis.debug,yes,yes,65652,544,6.48,0,231,PASS,26
Breezy-Weather,Breezy-Weather-#v5.2.8-rebuilt.apk,org.breezyweather.debug,yes,yes,209125,1850,5.45,0,426,PASS,27
Droid-ify,Droid-ify-#v0.7.6-rebuilt.apk,com.looker.droidify.debug,yes,yes,180924,1695,21.09,0,244,PASS,27
Kiwix,Kiwix-#3.11.1-rebuilt.apk,org.kiwix.kiwixmobile,yes,yes,145403,1402,15.16,4,324,MISMATCH (4 classes),26
Markor,Markor-#v2.16.1-rebuilt.apk,net.gsantner.markor_test,yes,yes,43204,323,2.49,0,126,PASS,24
Open-Food-Facts,Open-Food-Facts-#v3.10.2-rebuilt.apk,openfoodfacts.github.scrachx.openbeauty.debug,yes,yes,192325,1805,6.53,3,316,MISMATCH (3 classes),32
ReadYou,ReadYou-#0.16.2-rebuilt.apk,me.ash.reader,yes,yes,356196,2033,15.56,0,363,PASS,27
